{"mean":{"confidence_interval":{"confidence_level":0.95,"lower_bound":33296.295998597234,"upper_bound":33446.20684632765},"point_estimate":33365.30268018803,"standard_error":38.448113209338494},"median":{"confidence_interval":{"confidence_level":0.95,"lower_bound":33230.80350877193,"upper_bound":33278.19911392405},"point_estimate":33256.52228395062,"standard_error":11.918335309553168},"median_abs_dev":{"confidence_interval":{"confidence_level":0.95,"lower_bound":85.2231411536517,"upper_bound":161.48668596461005},"point_estimate":124.23728879434674,"standard_error":19.46039211039068},"slope":{"confidence_interval":{"confidence_level":0.95,"lower_bound":33339.217010116925,"upper_bound":33609.03359170723},"point_estimate":33463.85280281759,"standard_error":69.25758256385676},"std_dev":{"confidence_interval":{"confidence_level":0.95,"lower_bound":233.28227388516967,"upper_bound":512.4803986756467},"point_estimate":386.73398461237326,"standard_error":71.51155665146673}}