{"mean":{"confidence_interval":{"confidence_level":0.95,"lower_bound":19.26223721612551,"upper_bound":19.39152103588409},"point_estimate":19.32234246082224,"standard_error":0.033170175366359925},"median":{"confidence_interval":{"confidence_level":0.95,"lower_bound":19.178687578512505,"upper_bound":19.22108408245777},"point_estimate":19.191744892764746,"standard_error":0.00994088519356955},"median_abs_dev":{"confidence_interval":{"confidence_level":0.95,"lower_bound":0.05956200001688505,"upper_bound":0.11144712373531528},"point_estimate":0.08115716581508638,"standard_error":0.012729082128870424},"slope":{"confidence_interval":{"confidence_level":0.95,"lower_bound":19.273018997315656,"upper_bound":19.436432157208817},"point_estimate":19.35176202622347,"standard_error":0.041871496987915084},"std_dev":{"confidence_interval":{"confidence_level":0.95,"lower_bound":0.21629074366640938,"upper_bound":0.43817323286637166},"point_estimate":0.33344474607786484,"standard_error":0.057080098829187}}