{"mean":{"confidence_interval":{"confidence_level":0.95,"lower_bound":50.6764320075091,"upper_bound":50.92302663469326},"point_estimate":50.79107113597163,"standard_error":0.06316300584615651},"median":{"confidence_interval":{"confidence_level":0.95,"lower_bound":50.55334382612581,"upper_bound":50.68153410585953},"point_estimate":50.62566457871755,"standard_error":0.03906700424998977},"median_abs_dev":{"confidence_interval":{"confidence_level":0.95,"lower_bound":0.1736981093684708,"upper_bound":0.29793398233961715},"point_estimate":0.23397869824948053,"standard_error":0.03185328964945371},"slope":{"confidence_interval":{"confidence_level":0.95,"lower_bound":50.60374388061396,"upper_bound":50.85042615337004},"point_estimate":50.72147800815431,"standard_error":0.06281716452788755},"std_dev":{"confidence_interval":{"confidence_level":0.95,"lower_bound":0.40551070413220364,"upper_bound":0.8310703752032298},"point_estimate":0.6327917753696995,"standard_error":0.10851768982048138}}