{"mean":{"confidence_interval":{"confidence_level":0.95,"lower_bound":9.619252961121575,"upper_bound":9.682918427324962},"point_estimate":9.648965331872002,"standard_error":0.016305855949360716},"median":{"confidence_interval":{"confidence_level":0.95,"lower_bound":9.586934818351896,"upper_bound":9.632837697070372},"point_estimate":9.600376310879852,"standard_error":0.013774851512672574},"median_abs_dev":{"confidence_interval":{"confidence_level":0.95,"lower_bound":0.058650513206523265,"upper_bound":0.09935517993898065},"point_estimate":0.07111195918697898,"standard_error":0.010387260444564053},"slope":{"confidence_interval":{"confidence_level":0.95,"lower_bound":9.617431780240919,"upper_bound":9.666983223294707},"point_estimate":9.64027724017784,"standard_error":0.01269180436240682},"std_dev":{"confidence_interval":{"confidence_level":0.95,"lower_bound":0.10588204648609113,"upper_bound":0.21541806803055663},"point_estimate":0.16431807797673714,"standard_error":0.028186226203669975}}