{"mean":{"confidence_interval":{"confidence_level":0.95,"lower_bound":51.54449496949536,"upper_bound":51.82803584085273},"point_estimate":51.67861736305428,"standard_error":0.07247699446553381},"median":{"confidence_interval":{"confidence_level":0.95,"lower_bound":51.39647430857662,"upper_bound":51.479390580634785},"point_estimate":51.43434769342508,"standard_error":0.023169669376137958},"median_abs_dev":{"confidence_interval":{"confidence_level":0.95,"lower_bound":0.17804841415448336,"upper_bound":0.30388934834459647},"point_estimate":0.2388937846554663,"standard_error":0.0315508038428849},"slope":{"confidence_interval":{"confidence_level":0.95,"lower_bound":51.592187770045754,"upper_bound":51.93158286510919},"point_estimate":51.74851062307389,"standard_error":0.08668952345474192},"std_dev":{"confidence_interval":{"confidence_level":0.95,"lower_bound":0.5209300814121434,"upper_bound":0.9066731669177683},"point_estimate":0.7276801439418311,"standard_error":0.09847988206891826}}