{"mean":{"confidence_interval":{"confidence_level":0.95,"lower_bound":8.978839786728555,"upper_bound":9.012393966067755},"point_estimate":8.994488226292075,"standard_error":0.008559544792368975},"median":{"confidence_interval":{"confidence_level":0.95,"lower_bound":8.958949201016939,"upper_bound":8.979865669598684},"point_estimate":8.966331964190118,"standard_error":0.006075630025841439},"median_abs_dev":{"confidence_interval":{"confidence_level":0.95,"lower_bound":0.026208289588633284,"upper_bound":0.045189830531209146},"point_estimate":0.03670158428166823,"standard_error":0.0052714437523514865},"slope":{"confidence_interval":{"confidence_level":0.95,"lower_bound":8.984302025452934,"upper_bound":9.040388567946078},"point_estimate":9.00989552875614,"standard_error":0.014447518558896033},"std_dev":{"confidence_interval":{"confidence_level":0.95,"lower_bound":0.05469037574139149,"upper_bound":0.1127813174652619},"point_estimate":0.08625257233655971,"standard_error":0.014793153068411575}}