{"mean":{"confidence_interval":{"confidence_level":0.95,"lower_bound":50.91845593388921,"upper_bound":51.24312901228502},"point_estimate":51.06538267258582,"standard_error":0.08298022561590357},"median":{"confidence_interval":{"confidence_level":0.95,"lower_bound":50.790528282217025,"upper_bound":50.87322484796737},"point_estimate":50.82453432632032,"standard_error":0.020205603208031556},"median_abs_dev":{"confidence_interval":{"confidence_level":0.95,"lower_bound":0.1661644940266038,"upper_bound":0.28603072859623757},"point_estimate":0.23661188483904866,"standard_error":0.02988398443348445},"slope":{"confidence_interval":{"confidence_level":0.95,"lower_bound":50.866694829696435,"upper_bound":51.04878198236757},"point_estimate":50.94920728591462,"standard_error":0.04679597696976203},"std_dev":{"confidence_interval":{"confidence_level":0.95,"lower_bound":0.4325911136328652,"upper_bound":1.148107478206253},"point_estimate":0.8327947651247153,"standard_error":0.18019842909160153}}