{"mean":{"confidence_interval":{"confidence_level":0.95,"lower_bound":57.01352468156504,"upper_bound":57.308536297034394},"point_estimate":57.14523685370972,"standard_error":0.0756264601638233},"median":{"confidence_interval":{"confidence_level":0.95,"lower_bound":56.88537012049999,"upper_bound":57.02141826427541},"point_estimate":56.92347241841979,"standard_error":0.038318220976850455},"median_abs_dev":{"confidence_interval":{"confidence_level":0.95,"lower_bound":0.1796834055650796,"upper_bound":0.33145709098395776},"point_estimate":0.22760877279930342,"standard_error":0.03987151248492043},"slope":{"confidence_interval":{"confidence_level":0.95,"lower_bound":57.000328455468086,"upper_bound":57.27755392810398},"point_estimate":57.12363363415233,"standard_error":0.07119107571020225},"std_dev":{"confidence_interval":{"confidence_level":0.95,"lower_bound":0.3975863202239918,"upper_bound":1.1077187898951044},"point_estimate":0.7620542397028734,"standard_error":0.1906962052787023}}