{"mean":{"confidence_interval":{"confidence_level":0.95,"lower_bound":15.640513240608687,"upper_bound":15.711607136253274},"point_estimate":15.672549306862377,"standard_error":0.018189791497993865},"median":{"confidence_interval":{"confidence_level":0.95,"lower_bound":15.61582173580632,"upper_bound":15.661815505863363},"point_estimate":15.638659333790013,"standard_error":0.012788561315300784},"median_abs_dev":{"confidence_interval":{"confidence_level":0.95,"lower_bound":0.06607808625065027,"upper_bound":0.11761151657832139},"point_estimate":0.08988227162282382,"standard_error":0.013400875020850349},"slope":{"confidence_interval":{"confidence_level":0.95,"lower_bound":15.642927056484504,"upper_bound":15.690239273421264},"point_estimate":15.664649348484623,"standard_error":0.01206814579426233},"std_dev":{"confidence_interval":{"confidence_level":0.95,"lower_bound":0.10286065256504137,"upper_bound":0.26429105790005697},"point_estimate":0.18256983302013988,"standard_error":0.044631318400287695}}