{"mean":{"confidence_interval":{"confidence_level":0.95,"lower_bound":12.662304918081603,"upper_bound":12.730225673125728},"point_estimate":12.694005612273026,"standard_error":0.01737820879862064},"median":{"confidence_interval":{"confidence_level":0.95,"lower_bound":12.624320797750116,"upper_bound":12.655043404063122},"point_estimate":12.643311074280799,"standard_error":0.007327337119166112},"median_abs_dev":{"confidence_interval":{"confidence_level":0.95,"lower_bound":0.04827656689060113,"upper_bound":0.08161558579042776},"point_estimate":0.0655399597920305,"standard_error":0.008076120214996747},"slope":{"confidence_interval":{"confidence_level":0.95,"lower_bound":12.667506817481518,"upper_bound":12.781597963496955},"point_estimate":12.720177580497625,"standard_error":0.029279344102569216},"std_dev":{"confidence_interval":{"confidence_level":0.95,"lower_bound":0.11356461485247771,"upper_bound":0.22317804180326686},"point_estimate":0.17494618155237346,"standard_error":0.027896149636950487}}