{"mean":{"confidence_interval":{"confidence_level":0.95,"lower_bound":2080.155932507326,"upper_bound":2093.827289991781},"point_estimate":2086.493522512194,"standard_error":3.4839444590525135},"median":{"confidence_interval":{"confidence_level":0.95,"lower_bound":2070.982517855239,"upper_bound":2076.993422945698},"point_estimate":2073.8004563263194,"standard_error":1.483063681594941},"median_abs_dev":{"confidence_interval":{"confidence_level":0.95,"lower_bound":8.79555789962876,"upper_bound":16.281938966020217},"point_estimate":13.03989198434631,"standard_error":2.0087286031513467},"slope":{"confidence_interval":{"confidence_level":0.95,"lower_bound":2081.4585023397276,"upper_bound":2099.2351657621766},"point_estimate":2089.991709681247,"standard_error":4.531512464715702},"std_dev":{"confidence_interval":{"confidence_level":0.95,"lower_bound":23.33246245415354,"upper_bound":46.95985353171526},"point_estimate":34.93664415503588,"standard_error":6.259555226161947}}