{"mean":{"confidence_interval":{"confidence_level":0.95,"lower_bound":5954.630228308744,"upper_bound":6000.484720159677},"point_estimate":5975.988139209387,"standard_error":11.728034220959474},"median":{"confidence_interval":{"confidence_level":0.95,"lower_bound":5929.840274488943,"upper_bound":5945.108488904544},"point_estimate":5936.838001636479,"standard_error":3.6019623035845507},"median_abs_dev":{"confidence_interval":{"confidence_level":0.95,"lower_bound":24.07028911125268,"upper_bound":40.92980761915877},"point_estimate":33.71232920217487,"standard_error":4.111246533568268},"slope":{"confidence_interval":{"confidence_level":0.95,"lower_bound":5940.02792652085,"upper_bound":5965.573386081383},"point_estimate":5951.736922808735,"standard_error":6.512293494276429},"std_dev":{"confidence_interval":{"confidence_level":0.95,"lower_bound":76.82329561554644,"upper_bound":150.56331311766607},"point_estimate":117.83316028625835,"standard_error":18.778926261333893}}