{"mean":{"confidence_interval":{"confidence_level":0.95,"lower_bound":349.66131439719624,"upper_bound":351.48127396142036},"point_estimate":350.5165975086991,"standard_error":0.4658037563796756},"median":{"confidence_interval":{"confidence_level":0.95,"lower_bound":348.45008450261366,"upper_bound":349.3545045446856},"point_estimate":348.95108956866034,"standard_error":0.20801391765441837},"median_abs_dev":{"confidence_interval":{"confidence_level":0.95,"lower_bound":1.2990623216208497,"upper_bound":2.3786176011268587},"point_estimate":1.8350005840455914,"standard_error":0.2953907463553853},"slope":{"confidence_interval":{"confidence_level":0.95,"lower_bound":349.8972971010109,"upper_bound":352.50077139274225},"point_estimate":351.1298667355556,"standard_error":0.6666832947055888},"std_dev":{"confidence_interval":{"confidence_level":0.95,"lower_bound":3.278388328692029,"upper_bound":5.854138596800013},"point_estimate":4.678139188589131,"standard_error":0.658220428808017}}