{"mean":{"confidence_interval":{"confidence_level":0.95,"lower_bound":9.016273526009735,"upper_bound":9.054567567819142},"point_estimate":9.03428161346138,"standard_error":0.009788705511113823},"median":{"confidence_interval":{"confidence_level":0.95,"lower_bound":8.988727973641371,"upper_bound":9.013905534358589},"point_estimate":8.99552110990338,"standard_error":0.006641155331137299},"median_abs_dev":{"confidence_interval":{"confidence_level":0.95,"lower_bound":0.030739991541396595,"upper_bound":0.06261986457972872},"point_estimate":0.04017391984680697,"standard_error":0.008360454660743578},"slope":{"confidence_interval":{"confidence_level":0.95,"lower_bound":8.997562377017818,"upper_bound":9.03822227306219},"point_estimate":9.015416838613927,"standard_error":0.010500328272058688},"std_dev":{"confidence_interval":{"confidence_level":0.95,"lower_bound":0.06800153786172199,"upper_bound":0.12624727130927624},"point_estimate":0.09864100854967404,"standard_error":0.014915660541940722}}