{"mean":{"confidence_interval":{"confidence_level":0.95,"lower_bound":2086.4391065845757,"upper_bound":2099.4049305016697},"point_estimate":2092.454816830368,"standard_error":3.307058186344475},"median":{"confidence_interval":{"confidence_level":0.95,"lower_bound":2079.412380601224,"upper_bound":2087.73731326263},"point_estimate":2083.4291842475386,"standard_error":2.118245018141463},"median_abs_dev":{"confidence_interval":{"confidence_level":0.95,"lower_bound":10.80689067949272,"upper_bound":17.589830086572178},"point_estimate":14.018298142475894,"standard_error":1.7116020202773397},"slope":{"confidence_interval":{"confidence_level":0.95,"lower_bound":2085.9666797120944,"upper_bound":2098.22144490908},"point_estimate":2091.598937858645,"standard_error":3.1405398554359913},"std_dev":{"confidence_interval":{"confidence_level":0.95,"lower_bound":21.0992503010396,"upper_bound":44.12374057145533},"point_estimate":33.21625086810092,"standard_error":5.921559839925355}}