{"mean":{"confidence_interval":{"confidence_level":0.95,"lower_bound":19.126152642054322,"upper_bound":19.206423741818845},"point_estimate":19.163484260692304,"standard_error":0.020541957557292635},"median":{"confidence_interval":{"confidence_level":0.95,"lower_bound":19.08557360322247,"upper_bound":19.125846353076454},"point_estimate":19.102919686764366,"standard_error":0.008806919530319571},"median_abs_dev":{"confidence_interval":{"confidence_level":0.95,"lower_bound":0.06428083849642738,"upper_bound":0.10096400047753193},"point_estimate":0.07904847252977051,"standard_error":0.009342151724267462},"slope":{"confidence_interval":{"confidence_level":0.95,"lower_bound":19.12756704717604,"upper_bound":19.19267698658376},"point_estimate":19.15834515076293,"standard_error":0.016601412849310805},"std_dev":{"confidence_interval":{"confidence_level":0.95,"lower_bound":0.12798581716059085,"upper_bound":0.2728082314417984},"point_estimate":0.20764932387967658,"standard_error":0.03697017623265173}}