{"mean":{"confidence_interval":{"confidence_level":0.95,"lower_bound":273.409458680819,"upper_bound":275.1024696520633},"point_estimate":274.1871596416073,"standard_error":0.43459785912080123},"median":{"confidence_interval":{"confidence_level":0.95,"lower_bound":272.50719932241674,"upper_bound":273.1915639945616},"point_estimate":272.739791270982,"standard_error":0.17040032638014935},"median_abs_dev":{"confidence_interval":{"confidence_level":0.95,"lower_bound":0.9963019784497716,"upper_bound":1.9734892632462195},"point_estimate":1.490918780663511,"standard_error":0.23374683869981103},"slope":{"confidence_interval":{"confidence_level":0.95,"lower_bound":273.2248606973657,"upper_bound":274.4029409947432},"point_estimate":273.7557146236548,"standard_error":0.30228482263800627},"std_dev":{"confidence_interval":{"confidence_level":0.95,"lower_bound":2.5905318742401167,"upper_bound":5.870956967506894},"point_estimate":4.36516875719902,"standard_error":0.8424705269616738}}