{"mean":{"confidence_interval":{"confidence_level":0.95,"lower_bound":273.80683598450673,"upper_bound":275.5401122258999},"point_estimate":274.6082700322571,"standard_error":0.4442561949707862},"median":{"confidence_interval":{"confidence_level":0.95,"lower_bound":272.73280971684784,"upper_bound":273.9880144730891},"point_estimate":273.2002533838502,"standard_error":0.3025250957091389},"median_abs_dev":{"confidence_interval":{"confidence_level":0.95,"lower_bound":1.29354924906133,"upper_bound":2.5629007031213695},"point_estimate":1.8240791138258825,"standard_error":0.2970300888658607},"slope":{"confidence_interval":{"confidence_level":0.95,"lower_bound":273.7218948058851,"upper_bound":275.5405043735554},"point_estimate":274.5654248600029,"standard_error":0.4664965680516313},"std_dev":{"confidence_interval":{"confidence_level":0.95,"lower_bound":2.762179929247044,"upper_bound":5.922724581186014},"point_estimate":4.460912978136118,"standard_error":0.8105320522089888}}