{"mean":{"confidence_interval":{"confidence_level":0.95,"lower_bound":389.2129118425986,"upper_bound":391.2955195930087},"point_estimate":390.1629975795895,"standard_error":0.5334594152561231},"median":{"confidence_interval":{"confidence_level":0.95,"lower_bound":388.19495945649794,"upper_bound":389.0468648793435},"point_estimate":388.51547920208714,"standard_error":0.2101547227166883},"median_abs_dev":{"confidence_interval":{"confidence_level":0.95,"lower_bound":1.5603203141791677,"upper_bound":2.5624185994783963},"point_estimate":2.015415109706963,"standard_error":0.25397801324428965},"slope":{"confidence_interval":{"confidence_level":0.95,"lower_bound":388.94391121989264,"upper_bound":390.7378517309302},"point_estimate":389.754724925959,"standard_error":0.4594765400413412},"std_dev":{"confidence_interval":{"confidence_level":0.95,"lower_bound":3.0231228659235447,"upper_bound":7.326597569600692},"point_estimate":5.352772888471918,"standard_error":1.0978582757050463}}