{"mean":{"confidence_interval":{"confidence_level":0.95,"lower_bound":23.384866869697234,"upper_bound":23.5161584321963},"point_estimate":23.445302564860544,"standard_error":0.033557796423937365},"median":{"confidence_interval":{"confidence_level":0.95,"lower_bound":23.321161916417545,"upper_bound":23.37318259856932},"point_estimate":23.345348213100745,"standard_error":0.01550022707645965},"median_abs_dev":{"confidence_interval":{"confidence_level":0.95,"lower_bound":0.08180506551794764,"upper_bound":0.1631043081723038},"point_estimate":0.11854389796920235,"standard_error":0.022057676644437287},"slope":{"confidence_interval":{"confidence_level":0.95,"lower_bound":23.40612204597835,"upper_bound":23.578075139750904},"point_estimate":23.489197720497316,"standard_error":0.044114883525300005},"std_dev":{"confidence_interval":{"confidence_level":0.95,"lower_bound":0.20995717832028968,"upper_bound":0.452992648010805},"point_estimate":0.3366346529707453,"standard_error":0.06278602063155117}}