{"mean":{"confidence_interval":{"confidence_level":0.95,"lower_bound":24.373397829685114,"upper_bound":24.47528468719281},"point_estimate":24.421310679235063,"standard_error":0.026009180878973668},"median":{"confidence_interval":{"confidence_level":0.95,"lower_bound":24.31794306617236,"upper_bound":24.3732015470464},"point_estimate":24.335795834149742,"standard_error":0.014813008578635272},"median_abs_dev":{"confidence_interval":{"confidence_level":0.95,"lower_bound":0.0863755132743521,"upper_bound":0.16236636400254978},"point_estimate":0.11398346788655152,"standard_error":0.01989129749811523},"slope":{"confidence_interval":{"confidence_level":0.95,"lower_bound":24.37328763051967,"upper_bound":24.50302400404315},"point_estimate":24.432035051483247,"standard_error":0.03322880442756773},"std_dev":{"confidence_interval":{"confidence_level":0.95,"lower_bound":0.1830207056205994,"upper_bound":0.33038830433016936},"point_estimate":0.2617376385595178,"standard_error":0.03768845767859653}}