{"mean":{"confidence_interval":{"confidence_level":0.95,"lower_bound":352.8288680187461,"upper_bound":355.239638398075},"point_estimate":353.90904544015854,"standard_error":0.6180878599095924},"median":{"confidence_interval":{"confidence_level":0.95,"lower_bound":351.54499249153196,"upper_bound":352.66437503311613},"point_estimate":352.13174929386304,"standard_error":0.3325136105321798},"median_abs_dev":{"confidence_interval":{"confidence_level":0.95,"lower_bound":1.3900435268239308,"upper_bound":2.6281829018532754},"point_estimate":1.9865932997608284,"standard_error":0.33644320165477726},"slope":{"confidence_interval":{"confidence_level":0.95,"lower_bound":352.70308746977264,"upper_bound":355.0176193029459},"point_estimate":353.7732779553979,"standard_error":0.5922675270025847},"std_dev":{"confidence_interval":{"confidence_level":0.95,"lower_bound":3.3308693042251676,"upper_bound":8.968262254874318},"point_estimate":6.212863960334333,"standard_error":1.50948898228658}}