{"mean":{"confidence_interval":{"confidence_level":0.95,"lower_bound":50.86924317566173,"upper_bound":51.364647019136456},"point_estimate":51.1015399143136,"standard_error":0.1269935626490083},"median":{"confidence_interval":{"confidence_level":0.95,"lower_bound":50.56271886529664,"upper_bound":50.78051333230974},"point_estimate":50.64095715942568,"standard_error":0.05648335389004103},"median_abs_dev":{"confidence_interval":{"confidence_level":0.95,"lower_bound":0.3038289479154145,"upper_bound":0.5785762166413859},"point_estimate":0.40895486097993655,"standard_error":0.06723638291742985},"slope":{"confidence_interval":{"confidence_level":0.95,"lower_bound":50.79568211797777,"upper_bound":51.275847107498116},"point_estimate":51.01998166092553,"standard_error":0.12317210812700069},"std_dev":{"confidence_interval":{"confidence_level":0.95,"lower_bound":0.8481045229417992,"upper_bound":1.6618759809337507},"point_estimate":1.2736172707238687,"standard_error":0.20963737081408257}}