{"mean":{"confidence_interval":{"confidence_level":0.95,"lower_bound":54.5745838080124,"upper_bound":54.875097637575706},"point_estimate":54.714438618649595,"standard_error":0.07698945631643812},"median":{"confidence_interval":{"confidence_level":0.95,"lower_bound":54.415948047600466,"upper_bound":54.516309550461514},"point_estimate":54.4494743187507,"standard_error":0.027294848090825982},"median_abs_dev":{"confidence_interval":{"confidence_level":0.95,"lower_bound":0.15657674047113784,"upper_bound":0.2935906564909622},"point_estimate":0.21320445826065856,"standard_error":0.034791954008235086},"slope":{"confidence_interval":{"confidence_level":0.95,"lower_bound":54.671973370315655,"upper_bound":55.21188314713464},"point_estimate":54.923681111179526,"standard_error":0.1387481142141792},"std_dev":{"confidence_interval":{"confidence_level":0.95,"lower_bound":0.5080497713481372,"upper_bound":0.9903896229365178},"point_estimate":0.7747260583432972,"standard_error":0.12319106731397586}}