{"mean":{"confidence_interval":{"confidence_level":0.95,"lower_bound":12.981347161871192,"upper_bound":13.057201659514066},"point_estimate":13.017997656912552,"standard_error":0.019307293009750655},"median":{"confidence_interval":{"confidence_level":0.95,"lower_bound":12.914258747955664,"upper_bound":12.97865026914071},"point_estimate":12.928098938141401,"standard_error":0.019914716347688308},"median_abs_dev":{"confidence_interval":{"confidence_level":0.95,"lower_bound":0.08090641577991342,"upper_bound":0.16631641984350776},"point_estimate":0.10292920762654614,"standard_error":0.02464796562187449},"slope":{"confidence_interval":{"confidence_level":0.95,"lower_bound":12.955239808275547,"upper_bound":13.029552104132275},"point_estimate":12.990191980246317,"standard_error":0.019019676277655446},"std_dev":{"confidence_interval":{"confidence_level":0.95,"lower_bound":0.16052202850952832,"upper_bound":0.22135189113489295},"point_estimate":0.1938124555935738,"standard_error":0.015530745855725902}}